Accuracy,Precision,Recall,F1_Score,RoC_AuC
95.97385901007071,90.09983361064891,38.09356313753078,53.54758961681089,68.91102050823193
