Accuracy,Precision,Recall,F1_Score,RoC_AuC
96.48382258410113,79.345703125,57.157931762223,66.44857902269474,78.09638664913122
