Accuracy,Precision,Recall,F1_Score,RoC_AuC
92.24935134056284,93.37944664031622,85.05850585058505,89.02496467263306,90.76162945547404
