Accuracy,Precision,Recall,F1_Score,RoC_AuC
98.22367107976848,99.12671869193609,96.03960396039604,97.55874554265337,97.77180704562647
