Accuracy,Precision,Recall,F1_Score,RoC_AuC
95.73816155988858,76.78795483061481,43.05311290889905,55.172413793103445,71.10444223262277
