Accuracy,Precision,Recall,F1_Score,RoC_AuC
97.66230983501178,83.87470997679814,76.29264861062258,79.90421808804568,87.67059016882008
