Accuracy,Precision,Recall,F1_Score,RoC_AuC
97.66445253910435,83.95970554048819,76.22230038691524,79.90412979351032,87.63883860471094
