Accuracy,Precision,Recall,F1_Score,RoC_AuC
95.81744161131348,73.68421052631578,48.75131902919451,58.67908552074513,73.81093913674799
