Accuracy,Precision,Recall,F1_Score,RoC_AuC
89.79116786379356,96.36028564846809,75.23381294964028,84.4965155034845,86.78322137562218
