Accuracy,Precision,Recall,F1_Score,RoC_AuC
99.33492950252727,99.49238578680203,98.70503597122303,99.09714698447092,99.20477632246251
