Accuracy,Precision,Recall,F1_Score,RoC_AuC
98.32402234636871,99.18458117123795,96.2589928057554,97.69989047097481,97.89733093221497
