Accuracy,Precision,Recall,F1_Score,RoC_AuC
99.3149773876031,99.42039485600435,98.72302158273382,99.07048100351955,99.19266317633947
