Accuracy,Precision,Recall,F1_Score,RoC_AuC
95.08677951574887,62.88659793814433,47.20365810763278,53.928069117942535,72.69827644925756
