Accuracy,Precision,Recall,F1_Score,RoC_AuC
95.35461752731948,66.15605552896122,48.61062258177981,56.04217356042174,73.49873087242639
