Accuracy,Precision,Recall,F1_Score,RoC_AuC
93.06020758383988,50.3779457536683,16.835066864784547,25.23666332553736,57.797547209863886
