Accuracy,Precision,Recall,F1_Score,RoC_AuC
99.707368981112,100.0,31.25,47.61904761904761,65.625
