Accuracy,Precision,Recall,F1_Score,RoC_AuC
94.34502029139777,95.02392344497608,89.37893789378938,92.11502782931353,93.31758207479677
