Accuracy,Precision,Recall,F1_Score,RoC_AuC
78.8171113033065,83.17631224764467,39.75981128029166,53.80150899593731,68.07145656607176
