Accuracy,Precision,Recall,F1_Score,RoC_AuC
98.88268156424581,62.68221574344023,84.31372549019608,71.90635451505017,91.7238744493129
