Accuracy,Precision,Recall,F1_Score,RoC_AuC
94.37754446110992,90.10989010989012,8.652831516004222,15.789473684210526,54.295612828301245
