Accuracy,Precision,Recall,F1_Score,RoC_AuC
99.35488161745145,99.40314704286489,98.84892086330936,99.12525926593922,99.25033632865762
