Accuracy,Precision,Recall,F1_Score,RoC_AuC
98.7829209896249,98.97977773729276,97.7158273381295,98.34374151506923,98.56243034276673
