Accuracy,Precision,Recall,F1_Score,RoC_AuC
93.40695895150023,92.19674556213018,89.75697569756976,90.96050351181246,92.65180992561054
