Accuracy,Precision,Recall,F1_Score,RoC_AuC
96.840755902907,95.34676185619581,73.53982300884955,83.03541689796825,86.5590799617155
