Accuracy,Precision,Recall,F1_Score,RoC_AuC
97.2789568225667,98.6573373676248,93.91539153915392,96.22798118601862,96.58306512373484
