Accuracy,Precision,Recall,F1_Score,RoC_AuC
79.17664272412875,75.55228276877762,64.5863309352518,69.6402598661883,76.16188644694208
