Accuracy,Precision,Recall,F1_Score,RoC_AuC
95.9802871223484,71.04919460165434,57.40415054519873,63.501945525291816,77.94341052255943
