Accuracy,Precision,Recall,F1_Score,RoC_AuC
98.67606945645666,99.13761467889908,97.26372637263727,98.19173103134938,98.38386825174707
