Accuracy,Precision,Recall,F1_Score,RoC_AuC
97.79907372947939,95.5787325700034,82.9006882989184,88.78942657048076,91.225072090126
