Accuracy,Precision,Recall,F1_Score,RoC_AuC
89.51846338336848,58.03108808290155,1.1012782694198622,2.161536234681077,50.50385186084843
