Accuracy,Precision,Recall,F1_Score,RoC_AuC
67.6443202979516,55.066336200612334,67.93165467625899,60.82615347451485,67.70369141579938
