Accuracy,Precision,Recall,F1_Score,RoC_AuC
97.93759563568625,98.62785091785649,95.75157515751576,97.16843259042747,97.48532746900693
