Accuracy,Precision,Recall,F1_Score,RoC_AuC
96.88747007182761,97.28826151560177,94.20863309352518,95.72368421052632,96.3339493031999
