Accuracy,Precision,Recall,F1_Score,RoC_AuC
97.26656025538706,97.7732417888291,94.7661870503597,96.2462325326514,96.74991496882697
