Accuracy,Precision,Recall,F1_Score,RoC_AuC
97.94493216280927,98.37847798046802,96.0251798561151,97.18758532811505,97.5482589867321
