Accuracy,Precision,Recall,F1_Score,RoC_AuC
64.90422984836393,51.85136726416329,71.27697841726619,60.031810952056354,66.22101348047775
