Accuracy,Precision,Recall,F1_Score,RoC_AuC
97.09610056651367,98.48504808325649,73.51032448377582,84.18444907381341,86.68873586541785
