Accuracy,Precision,Recall,F1_Score,RoC_AuC
97.95724269114667,94.6490845684394,85.39823008849558,89.78600227437198,92.41550329775394
