Accuracy,Precision,Recall,F1_Score,RoC_AuC
89.5649836662118,63.57142857142857,1.7502458210422813,3.4066985645933014,50.81620560269554
