Accuracy,Precision,Recall,F1_Score,RoC_AuC
98.18467518504734,96.06876916338152,86.26352015732547,90.90249715055437,92.9243942599432
