Accuracy,Precision,Recall,F1_Score,RoC_AuC
79.4824030337303,72.76703111858704,74.70212398549472,73.72188139059304,78.59023948192485
