Accuracy,Precision,Recall,F1_Score,RoC_AuC
95.24748232269124,71.71646977067408,36.29968343299332,48.201774871555344,67.68551607248726
