Accuracy,Precision,Recall,F1_Score,RoC_AuC
96.01885579601456,71.5724923346474,57.47449876890609,63.75341396800624,77.996838222384
