Accuracy,Precision,Recall,F1_Score,RoC_AuC
96.15598885793872,74.45221445221445,56.17305663032008,64.0336808340016,77.4613429271572
