Accuracy,Precision,Recall,F1_Score,RoC_AuC
95.65245339618599,68.721251149954,52.55012310939149,59.557504484751846,75.4992840659331
