Accuracy,Precision,Recall,F1_Score,RoC_AuC
93.0876189208968,94.85498609455702,85.95859585958596,90.18793087165928,91.61268754566466
