Accuracy,Precision,Recall,F1_Score,RoC_AuC
91.7730779462623,95.34298300818125,81.74460431654677,88.02169071366322,89.70092182902053
