Accuracy,Precision,Recall,F1_Score,RoC_AuC
94.37754446110992,88.96797153024912,8.793527963418924,16.005121638924454,54.36139765501588
