Accuracy,Precision,Recall,F1_Score,RoC_AuC,Metodo,Modelo,Dataset
97.11574246371418,96.26379137412236,75.49655850540806,84.62471068003968,87.57614829454687,Sig_API,SVM,svm_output_resultado-selecao-androcrawl_all.csv
95.8710664516396,95.88410104011888,63.45132743362832,76.36686390532545,81.56566279262108,Sig_API,SVM,svm_output_resultado-selecao-androcrawl_api_calls.csv
89.48641607740974,0.0,0.0,0.0,50.0,Sig_API,SVM,svm_output_resultado-selecao-androcrawl_intents.csv
89.48641607740974,0.0,0.0,0.0,50.0,Sig_API,SVM,svm_output_resultado-selecao-androcrawl_permissions.csv
93.40695895150024,92.19674556213018,89.75697569756976,90.96050351181246,92.65180992561054,Sig_API,SVM,svm_output_resultado-selecao-drebin_215_all.csv
95.12341161599362,94.07678244972578,92.63726372637264,93.3514739229025,94.60904976103352,Sig_API,SVM,svm_output_resultado-selecao-drebin_215_api_calls_limpo.csv
73.4902899707369,64.07871198568873,64.42446043165468,64.25112107623318,71.6170423728556,Sig_API,SVM,svm_output_resultado-selecao-drebin_215_intents.csv
89.68475658419793,96.0698689956332,75.17985611510791,84.35072142064372,86.68764861475108,Sig_API,SVM,svm_output_resultado-selecao-drebin_215_permissions.csv
94.02614098992927,53.35775335775336,15.37108688005628,23.866739486619338,57.24973902722324,Sig_API,SVM,svm_output_resultado-selecao-motodroid_intents.csv
