Accuracy,Precision,Recall,F1_Score,RoC_AuC
79.22319765895185,75.577488450231,64.73021582733813,69.73454756830073,76.22855240501562
