Accuracy,Precision,Recall,F1_Score,RoC_AuC
95.24981704477413,95.9559521549269,90.98109810981097,93.40232858990943,94.3666571173791
