Accuracy,Precision,Recall,F1_Score,RoC_AuC
96.55493482309124,97.1214953271028,93.45323741007195,95.25206232813933,95.91403955771644
