Accuracy,Precision,Recall,F1_Score,RoC_AuC
95.2067709449325,69.52319587628865,37.952866690116075,49.10125142207053,68.43681165066874
