Accuracy,Precision,Recall,F1_Score,RoC_AuC
97.53923915935088,97.9490022172949,95.34172661870504,96.62777980313525,97.08517314472608
