Accuracy,Precision,Recall,F1_Score,RoC_AuC
98.00478850758181,98.45246868091378,96.11510791366906,97.26974881689114,97.61432896738751
