Accuracy,Precision,Recall,F1_Score,RoC_AuC
97.69220537376962,98.45696226064324,95.25179856115108,96.82786360727673,97.18795077909813
