Accuracy,Precision,Recall,F1_Score,RoC_AuC
95.87210023570276,95.87108272686766,63.47099311701082,76.37697450156779,81.57491801364739
