Accuracy,Precision,Recall,F1_Score,RoC_AuC
97.70189802754001,94.98471640439263,82.49754178957718,88.30184707677735,90.99288494021268
