Accuracy,Precision,Recall,F1_Score,RoC_AuC
97.70499937972956,94.97623896809233,82.53687315634218,88.32070707070706,91.01197300293023
