Accuracy,Precision,Recall,F1_Score,RoC_AuC
95.14498536844906,98.12674372259865,88.56115107913669,93.09888447721686,93.78458567042524
