Accuracy,Precision,Recall,F1_Score,RoC_AuC
89.48848364553612,100.0,0.019665683382497544,0.03932363350373575,50.00983284169125
