Accuracy,Precision,Recall,F1_Score,RoC_AuC
97.71430343629822,95.02206131915375,82.58603736479843,88.36866747330212,91.03886558981816
