Accuracy,Precision,Recall,F1_Score,RoC_AuC
95.12341161599362,94.07678244972578,92.63726372637264,93.3514739229025,94.60904976103352
