Accuracy,Precision,Recall,F1_Score,RoC_AuC
89.10805111028408,3.316326530612245,0.12782694198623404,0.24616549895853063,49.84499523897445
