Accuracy,Precision,Recall,F1_Score,RoC_AuC
96.52168129821762,97.11880261927035,93.36330935251799,95.20403484640075,95.86907552893946
