Accuracy,Precision,Recall,F1_Score,RoC_AuC
94.63038354403257,65.55863342566943,24.973619416109745,36.16912888436068,62.061272938483604
