Accuracy,Precision,Recall,F1_Score,RoC_AuC
89.34065252450068,0.6993006993006993,0.009832841691248772,0.01939299912731504,49.922894286421744
