Accuracy,Precision,Recall,F1_Score,RoC_AuC
94.6410970644954,66.86390532544378,23.848047836792123,35.15685766139487,61.54069857100747
