Accuracy,Precision,Recall,F1_Score,RoC_AuC
95.15163607342379,97.40922473012758,89.26258992805755,93.15814171750353,93.9347985520406
