Accuracy,Precision,Recall,F1_Score,RoC_AuC
79.2098962490024,75.5672268907563,64.69424460431654,69.70930232558139,76.21056679350482
