Accuracy,Precision,Recall,F1_Score,RoC_AuC
98.71652024855368,96.59468438538205,81.81498417164967,88.59264901923443,90.81394244747403
