Accuracy,Precision,Recall,F1_Score,RoC_AuC
97.16014897579144,97.90927758073549,94.33453237410072,96.08866904827333,96.57629953445432
