Accuracy,Precision,Recall,F1_Score,RoC_AuC
95.87210023570276,95.88471252414202,63.46116027531957,76.37417904266019,81.57057921346671
