Accuracy,Precision,Recall,F1_Score,RoC_AuC
95.31604885365331,67.02954898911354,45.48012662680267,54.191114836546525,72.01448319155863
