Accuracy,Precision,Recall,F1_Score,RoC_AuC
99.35466702148892,99.70856102003644,98.54185418541854,99.12177455862381,99.18650328519556
