Accuracy,Precision,Recall,F1_Score,RoC_AuC
79.24980047885076,75.63025210084034,64.74820143884892,69.76744186046511,76.25337467467985
