Accuracy,Precision,Recall,F1_Score,RoC_AuC
98.06889136997064,95.02169197396964,86.14552605703048,90.36616812790098,92.80763514330002
