Accuracy,Precision,Recall,F1_Score,RoC_AuC
95.74878584259197,94.87039065352319,93.55535553555356,94.20828423819451,95.29498464831708
