Accuracy,Precision,Recall,F1_Score,RoC_AuC
93.54001729758498,91.47665580890336,90.999099909991,91.23725295550943,93.0143241213104
