Accuracy,Precision,Recall,F1_Score,RoC_AuC
94.12041997000215,56.52173913043478,15.089693985226873,23.820099944475288,57.16836674071393
