Accuracy,Precision,Recall,F1_Score,RoC_AuC
88.52753391859537,94.74912485414235,73.02158273381295,82.47841543930929,85.3235815737448
