Accuracy,Precision,Recall,F1_Score,RoC_AuC
93.95249817044774,94.4678407350689,88.83888388838884,91.56693570832174,92.89453692097787
