Accuracy,Precision,Recall,F1_Score,RoC_AuC
89.50709175867345,55.376344086021504,1.0127826941986233,1.989185013518733,50.45844883190789
