Accuracy,Precision,Recall,F1_Score,RoC_AuC
97.55199933837821,95.74343339587243,80.28515240904622,87.33554390843939,89.93289990314375
