Accuracy,Precision,Recall,F1_Score,RoC_AuC
94.51039211484894,68.70838881491345,18.14984171649666,28.71452420701168,58.80682128492594
