Accuracy,Precision,Recall,F1_Score,RoC_AuC
95.51317763016928,72.96137339055794,41.857193105874074,53.19624497094322,70.4254820344895
