Accuracy,Precision,Recall,F1_Score,RoC_AuC
99.92016499234914,100.0,99.78397839783977,99.89187240944315,99.89198919891989
