Accuracy,Precision,Recall,F1_Score,RoC_AuC
93.07431308628834,93.67260061919505,87.14671467146715,90.29189592464796,91.84794576967195
