Accuracy,Precision,Recall,F1_Score,RoC_AuC,Metodo,Modelo,Dataset
97.71430343629822,95.02206131915376,82.58603736479843,88.36866747330212,91.03886558981816,Androcrawl,SVM,svm_output_rl_rfg.csv
97.70189802754,94.98471640439264,82.49754178957718,88.30184707677735,90.99288494021268,Androcrawl,SVM,svm_output_rl_rfg_jowmdroid.csv
95.87210023570276,95.87108272686766,63.47099311701082,76.37697450156779,81.57491801364739,Androcrawl,SVM,svm_output_rl_sigapi.csv
95.87210023570276,95.87108272686766,63.47099311701082,76.37697450156779,81.57491801364739,Androcrawl,SVM,svm_output_rl_sigapi_jowmdroid.csv
97.70499937972956,94.97623896809232,82.53687315634218,88.32070707070706,91.01197300293023,Androcrawl,SVM,svm_output_sigpid_rfg.csv
97.69776289128728,95.13581088760088,82.31071779744346,88.25979229268806,90.90813725412016,Androcrawl,SVM,svm_output_sigpid_rfg_jowmdroid.csv
95.87210023570276,95.88471252414202,63.46116027531957,76.37417904266019,81.57057921346671,Androcrawl,SVM,svm_output_sigpid_sigapi.csv
95.87313401976594,95.89895988112929,63.46116027531957,76.37869822485207,81.57115683413168,Androcrawl,SVM,svm_output_sigpid_sigapi_jowmdroid.csv
