Accuracy,Precision,Recall,F1_Score,RoC_AuC
95.16605956717378,63.51911561492399,48.50510024621879,55.00598324690866,73.34899751855056
