Accuracy,Precision,Recall,F1_Score,RoC_AuC
97.98416605681591,98.57565667776544,95.93159315931594,97.23565368123347,97.55950700599819
