Accuracy,Precision,Recall,F1_Score,RoC_AuC
96.38740089993571,74.88172043010752,61.23812873724938,67.37616099071208,79.95280840768736
