Accuracy,Precision,Recall,F1_Score,RoC_AuC
97.61816151842203,93.57411921116774,83.04818092428712,87.99749947905813,91.18907047646856
