Accuracy,Precision,Recall,F1_Score,RoC_AuC
95.93529033640455,70.81866197183099,56.5951459725642,62.91300097751711,77.54118993473854
