Accuracy,Precision,Recall,F1_Score,RoC_AuC
97.58301286027374,94.99080882352942,81.29793510324484,87.61258874642365,90.39712494170121
