Accuracy,Precision,Recall,F1_Score,RoC_AuC
97.14589847648195,97.76369735370854,94.43744374437443,96.07178829777493,96.58554331583431
