Accuracy,Precision,Recall,F1_Score,RoC_AuC
92.54873261925354,91.08764128219381,88.4968496849685,89.77355734112491,91.71043412910308
