Accuracy,Precision,Recall,F1_Score,RoC_AuC
96.38525819584315,74.84952708512468,61.23812873724938,67.36312633004448,79.95166755843918
