Accuracy,Precision,Recall,F1_Score,RoC_AuC
97.52305338460903,93.03587245349867,82.62536873156343,87.52213311113425,90.9493609675238
