Accuracy,Precision,Recall,F1_Score,RoC_AuC
95.93743304049711,70.84984588287098,56.5951459725642,62.92530308955807,77.54233078398673
