Accuracy,Precision,Recall,F1_Score,RoC_AuC
97.45482363643883,94.19724770642202,80.7669616519174,86.96664902064585,90.0912047694905
