Accuracy,Precision,Recall,F1_Score,RoC_AuC
91.59071252744329,92.45992479715021,84.10441044104411,88.08446455505279,90.04186330410162
