Accuracy,Precision,Recall,F1_Score,RoC_AuC
79.51566762025149,80.62645011600928,44.71370362427622,57.52517588632915,69.94076384917514
