Accuracy,Precision,Recall,F1_Score,RoC_AuC
98.07370902078422,91.7167381974249,75.16707703130496,82.62130291900252,87.36335461075367
