Accuracy,Precision,Recall,F1_Score,RoC_AuC
97.7715877437326,85.42239685658153,76.46851916989095,80.69784706755753,87.81100451387057
