Accuracy,Precision,Recall,F1_Score,RoC_AuC
95.60317120205698,71.74271577789995,45.902215969046786,55.984555984555996,72.3647114709587
