Accuracy,Precision,Recall,F1_Score,RoC_AuC
95.87106645163959,95.88410104011888,63.45132743362832,76.36686390532545,81.56566279262108
