Accuracy,Precision,Recall,F1_Score,RoC_AuC
94.95043576608343,93.91941391941391,92.31323132313231,93.10939627780299,94.40482165565649
