Accuracy,Precision,Recall,F1_Score,RoC_AuC
95.15748875080351,66.22148024485254,41.857193105874074,51.293103448275865,70.23610105929158
