Accuracy,Precision,Recall,F1_Score,RoC_AuC
95.14891793443326,66.29150253235791,41.43510376362997,50.99567099567099,70.03418318215496
