Accuracy,Precision,Recall,F1_Score,RoC_AuC
94.4182023817444,93.21847507331378,91.55715571557155,92.38034692580148,93.82627730903104
