Accuracy,Precision,Recall,F1_Score,RoC_AuC
79.21654695397712,75.61540079949506,64.64028776978418,69.69843886357026,76.20469432811707
