Accuracy,Precision,Recall,F1_Score,RoC_AuC
94.5125348189415,68.75,18.185015828350334,28.762169680111267,58.824408340852784
