Accuracy,Precision,Recall,F1_Score,RoC_AuC
97.78563453665798,96.42609299097849,81.976401179941,88.61607142857143,90.80971580449882
