Accuracy,Precision,Recall,F1_Score,RoC_AuC
95.97171630597815,90.15846538782318,38.02321491382343,53.48837209302326,68.87698724562642
