Accuracy,Precision,Recall,F1_Score,RoC_AuC
88.6073423782921,96.07185628742515,72.14028776978417,82.40369799691834,85.20479985787648
