Accuracy,Precision,Recall,F1_Score,RoC_AuC
98.56962277958885,98.91901795529498,97.19171917191719,98.04776173613003,98.28454679575177
