Accuracy,Precision,Recall,F1_Score,RoC_AuC
89.52466608774759,58.07860262008734,1.3077679449360864,2.557938263294547,50.598432388632176
