Accuracy,Precision,Recall,F1_Score,RoC_AuC
94.12041997000215,56.387096774193544,15.371086880056279,24.156992813709234,57.29993639414318
