Accuracy,Precision,Recall,F1_Score,RoC_AuC
97.12449110777801,97.59036144578313,54.1329581428069,69.63800904977376,77.0231267999726
