Accuracy,Precision,Recall,F1_Score,RoC_AuC
97.91382376049292,94.39120017425398,85.2212389380531,89.5721372467962,92.31314482657375
