Accuracy,Precision,Recall,F1_Score,RoC_AuC
94.6410970644954,69.52054794520548,21.4210341188885,32.750739446087664,60.4059103101801
