Accuracy,Precision,Recall,F1_Score,RoC_AuC
98.01926973493777,94.53917548025038,86.13569321533923,90.1420045276806,92.77557055120144
