Accuracy,Precision,Recall,F1_Score,RoC_AuC
95.87313401976594,95.8853238265003,63.47099311701082,76.38149331440066,81.57549563431233
