Accuracy,Precision,Recall,F1_Score,RoC_AuC
94.00471394900364,57.73195876288659,5.9092507914175165,10.721123165283982,52.81430093818257
