Accuracy,Precision,Recall,F1_Score,RoC_AuC
91.28092577813248,94.51078985962707,81.13309352517986,87.31249395141778,89.18410691455277
