Accuracy,Precision,Recall,F1_Score,RoC_AuC
94.02399828583673,69.85294117647058,3.341540626099191,6.377979187646861,51.6239954938742
