Accuracy,Precision,Recall,F1_Score,RoC_AuC
91.16786379356212,94.58491361146228,80.73741007194245,87.11430234814672,89.01264762778212
