Accuracy,Precision,Recall,F1_Score,RoC_AuC
89.48538229334656,33.33333333333333,0.009832841691248772,0.01965988400668436,50.003761179515706
