Accuracy,Precision,Recall,F1_Score,RoC_AuC
93.93829012213413,88.88888888888889,0.5627857896588111,1.118490038448095,50.27911119633305
