Accuracy,Precision,Recall,F1_Score,RoC_AuC
64.91753125831337,51.87376725838264,70.95323741007195,59.93163691606532,66.1646727362728
