Accuracy,Precision,Recall,F1_Score,RoC_AuC
97.18010109071562,91.9298245614035,58.09312638580931,71.19565217391305,78.88383501970529
