Accuracy,Precision,Recall,F1_Score,RoC_AuC
80.64666356197192,74.08893346706787,76.53255050941115,75.29091990146947,79.8788293672597
