Accuracy,Precision,Recall,F1_Score,RoC_AuC
94.88390659304105,94.47955390334573,91.5031503150315,92.96753543667124,94.18445823054236
