Accuracy,Precision,Recall,F1_Score,RoC_AuC
99.8802873104549,94.23076923076923,76.5625,84.48275862068965,88.27123129842373
