Accuracy,Precision,Recall,F1_Score,RoC_AuC
93.06124136790307,50.40035587188611,16.835066864784547,25.23947427043885,57.79810275307404
