Accuracy,Precision,Recall,F1_Score,RoC_AuC
78.53152434158021,74.04123711340206,64.5863309352518,68.9913544668588,75.65006711389015
