Accuracy,Precision,Recall,F1_Score,RoC_AuC
97.96551296365216,94.25857975393913,85.88003933136676,89.87445976538382,92.6327254719263
