Accuracy,Precision,Recall,F1_Score,RoC_AuC
97.91382376049292,94.400871459695,85.21140609636186,89.57105943152456,92.30880602639306
