Accuracy,Precision,Recall,F1_Score,RoC_AuC
97.4908935076066,81.71471927162366,75.76503693281744,78.62748676765833,87.3326291287858
