Accuracy,Precision,Recall,F1_Score,RoC_AuC
98.7143775444611,96.59326963024512,81.77981005979599,88.57142857142857,90.79635539154721
