Accuracy,Precision,Recall,F1_Score,RoC_AuC
94.65395328905079,69.63882618510158,21.702427013717905,33.09198176454814,60.54432505909843
