Accuracy,Precision,Recall,F1_Score,RoC_AuC
98.64470909316462,96.7987321711569,90.08849557522124,93.32314744079451,94.86922872612867
