Accuracy,Precision,Recall,F1_Score,RoC_AuC,Metodo,Modelo,Dataset
97.11677624777737,96.22948766128022,75.53588987217306,84.63614829504765,87.5940811159345,Sig_API,RF,rf_output_resultado-selecao-androcrawl_all.csv
95.8710664516396,95.88410104011888,63.45132743362832,76.36686390532545,81.56566279262108,Sig_API,RF,rf_output_resultado-selecao-androcrawl_api_calls.csv
89.48641607740974,0.0,0.0,0.0,50.0,Sig_API,RF,rf_output_resultado-selecao-androcrawl_intents.csv
89.48641607740974,0.0,0.0,0.0,50.0,Sig_API,RF,rf_output_resultado-selecao-androcrawl_permissions.csv
93.54001729758498,91.47665580890336,90.999099909991,91.23725295550943,93.0143241213104,Sig_API,RF,rf_output_resultado-selecao-drebin_215_all.csv
95.74878584259196,94.8703906535232,93.55535553555356,94.20828423819452,95.29498464831708,Sig_API,RF,rf_output_resultado-selecao-drebin_215_api_calls_limpo.csv
73.4902899707369,64.07871198568873,64.42446043165468,64.25112107623318,71.6170423728556,Sig_API,RF,rf_output_resultado-selecao-drebin_215_intents.csv
89.79116786379356,96.36028564846808,75.23381294964028,84.4965155034845,86.78322137562218,Sig_API,RF,rf_output_resultado-selecao-drebin_215_permissions.csv
94.0304263981144,53.32555425904317,16.07456911712979,24.702702702702705,57.58094485929276,Sig_API,RF,rf_output_resultado-selecao-motodroid_intents.csv
