Accuracy,Precision,Recall,F1_Score,RoC_AuC
91.38733705772812,95.07503699006551,80.89928057553956,87.41618890292489,89.22021859085125
