Accuracy,Precision,Recall,F1_Score,RoC_AuC
94.03042639811441,53.32555425904317,16.07456911712979,24.702702702702705,57.58094485929276
