Accuracy,Precision,Recall,F1_Score,RoC_AuC
97.08989786213455,98.42001316655694,73.50049164208457,84.15423585702224,86.68093134124744
