Accuracy,Precision,Recall,F1_Score,RoC_AuC
89.4967539180416,52.80898876404494,0.9242871189773844,1.8167761886354847,50.413623423632316
