Accuracy,Precision,Recall,F1_Score,RoC_AuC
89.48744986147294,100.0,0.009832841691248772,0.019663749877101563,50.004916420845625
