Accuracy,Precision,Recall,F1_Score,RoC_AuC
93.91472037711593,56.52173913043478,0.4572634540977841,0.9071877180739707,50.217223234567086
