Accuracy,Precision,Recall,F1_Score,RoC_AuC
94.69938813514233,97.48753738783648,87.931654676259,92.46335697399527,93.30098985395895
