Accuracy,Precision,Recall,F1_Score,RoC_AuC
97.11574246371418,96.26379137412236,75.49655850540806,84.62471068003968,87.57614829454687
