Accuracy,Precision,Recall,F1_Score,RoC_AuC
73.4902899707369,64.07871198568873,64.42446043165468,64.25112107623318,71.6170423728556
