Accuracy,Precision,Recall,F1_Score,RoC_AuC
89.68475658419793,96.06986899563319,75.17985611510791,84.35072142064372,86.68764861475108
