Accuracy,Precision,Recall,F1_Score,RoC_AuC
96.66134610268688,97.07743857036486,93.79496402877699,95.40797658251006,96.06907340316012
