Accuracy,Precision,Recall,F1_Score,RoC_AuC
97.51263633945199,98.3227730152814,94.89208633093526,96.57697235950943,96.97115924820297
