Accuracy,Precision,Recall,F1_Score,RoC_AuC
99.67400705209234,99.89126495106923,99.22592259225922,99.5574821638219,99.58130236831198
