Accuracy,Precision,Recall,F1_Score,RoC_AuC
97.54874651810584,98.57061177815895,60.640168835736894,75.08710801393728,80.29156318666394
