Accuracy,Precision,Recall,F1_Score,RoC_AuC
97.4908935076066,81.73880030372058,75.72986282096377,78.61968230783275,87.31618292210715
