Accuracy,Precision,Recall,F1_Score,RoC_AuC
94.0655977646198,95.0705586700174,88.53285328532853,91.68530947054437,92.92092221041437
