Accuracy,Precision,Recall,F1_Score,RoC_AuC
94.90555998935886,95.1923076923077,90.80935251798562,92.94918998527247,94.05917182674291
