Accuracy,Precision,Recall,F1_Score,RoC_AuC
93.76163873370578,96.44292604501608,86.31294964028777,91.09719058466212,92.22253644952339
