Accuracy,Precision,Recall,F1_Score,RoC_AuC
89.48641607740974,50.0,0.009832841691248772,0.019661816751867876,50.00433880018067
