Accuracy,Precision,Recall,F1_Score,RoC_AuC
99.28837456770417,99.49174078780177,98.57913669064749,99.03333634474659,99.14182668217474
