Accuracy,Precision,Recall,F1_Score,RoC_AuC
98.35727587124235,98.66275874702326,96.87050359712231,97.75841727924494,98.0500681767798
