Accuracy,Precision,Recall,F1_Score,RoC_AuC
98.57674913540835,99.11797133406836,97.01438848920864,98.05489910925286,98.25392282206316
