Accuracy,Precision,Recall,F1_Score,RoC_AuC
89.48848364553612,75.0,0.029498525073746312,0.058973854924316886,50.01417164187192
