Accuracy,Precision,Recall,F1_Score,RoC_AuC
97.55303192629098,98.46153846153847,60.7808652831516,75.16311439756417,80.35962971187493
