Accuracy,Precision,Recall,F1_Score,RoC_AuC
98.0313913274807,98.81305637982196,95.8273381294964,97.2972972972973,97.57597383469333
