Accuracy,Precision,Recall,F1_Score,RoC_AuC
89.58669313153868,66.44067796610169,1.9272369714847593,3.7458193979933117,50.90643403991165
