Accuracy,Precision,Recall,F1_Score,RoC_AuC
95.87313401976594,95.89895988112927,63.46116027531957,76.37869822485207,81.57115683413168
