Accuracy,Precision,Recall,F1_Score,RoC_AuC
97.69776289128727,95.13581088760087,82.31071779744346,88.25979229268806,90.90813725412016
