Accuracy,Precision,Recall,F1_Score,RoC_AuC
97.75658881508463,85.05074160811866,76.64438972915933,80.62904717853839,87.8852496025266
