Accuracy,Precision,Recall,F1_Score,RoC_AuC
95.8281551317763,74.42748091603053,48.01266268026732,58.370750481077614,73.47127304273707
