Accuracy,Precision,Recall,F1_Score,RoC_AuC
78.03937217345039,73.45243041130037,63.59712230215827,68.1704260651629,75.05520952592084
