Accuracy,Precision,Recall,F1_Score,RoC_AuC
96.3675071518861,98.13569094753028,91.91719171917192,94.92470719464585,95.44677652653404
