Accuracy,Precision,Recall,F1_Score,RoC_AuC
96.05742446968074,72.27898711683696,57.22827998593035,63.87907341970946,77.90225006210065
