Accuracy,Precision,Recall,F1_Score,RoC_AuC
97.11677624777735,96.22948766128022,75.53588987217306,84.63614829504765,87.5940811159345
