Accuracy,Precision,Recall,F1_Score,RoC_AuC
95.55174630383544,86.41975308641975,32.008441786844884,46.71457905544148,65.84107945093265
