Accuracy,Precision,Recall,F1_Score,RoC_AuC
96.54713591910053,97.68939393939394,92.85328532853285,95.20996769727735,95.78291113197432
