Accuracy,Precision,Recall,F1_Score,RoC_AuC
94.02614098992929,53.35775335775336,15.371086880056279,23.866739486619338,57.24973902722324
