Accuracy,Precision,Recall,F1_Score,RoC_AuC
79.19659483905293,75.5677039529016,64.64028776978418,69.67816983326873,76.18886486420826
