Accuracy,Precision,Recall,F1_Score,RoC_AuC
94.33836737409354,95.52845528455285,88.83888388838884,92.06230762055779,93.20057322321512
