Accuracy,Precision,Recall,F1_Score,RoC_AuC
96.81697886945375,95.14835094868204,73.47099311701082,82.9162736503357,86.51542308515683
