Accuracy,Precision,Recall,F1_Score,RoC_AuC
89.48744986147294,66.66666666666666,0.019665683382497544,0.03931976801336872,50.009255221026294
