Accuracy,Precision,Recall,F1_Score,RoC_AuC
95.99957145918148,71.16218560277538,57.72071755188182,63.74053214216353,78.10169402590098
