Accuracy,Precision,Recall,F1_Score,RoC_AuC
95.62383612662943,97.98355520751761,90.01798561151078,93.83202099737532,94.46551454488582
