Accuracy,Precision,Recall,F1_Score,RoC_AuC
96.14741804156846,74.40448388603457,56.032360182905386,63.92455858747994,77.39099470344986
