Accuracy,Precision,Recall,F1_Score,RoC_AuC
95.08892221984144,67.16510903426791,37.9176925782624,48.47122302158273,68.35761873534018
