Accuracy,Precision,Recall,F1_Score,RoC_AuC
95.41675594600386,72.42038216560509,39.992965177629266,51.52957171991842,69.50249486435254
