Accuracy,Precision,Recall,F1_Score,RoC_AuC
95.98885793871867,71.15468409586056,57.4393246570524,63.56558972362786,77.96442012623082
