Accuracy,Precision,Recall,F1_Score,RoC_AuC
96.47953717591601,79.26829268292683,57.157931762223,66.42141835274883,78.09410495063486
