Accuracy,Precision,Recall,F1_Score,RoC_AuC
96.82111400570649,95.20835988275775,73.46116027531957,82.93278570239218,86.51339476763599
