Accuracy,Precision,Recall,F1_Score,RoC_AuC
78.52487363660549,74.04580152671755,64.55035971223022,68.97280676467763,75.63735799034896
