Accuracy,Precision,Recall,F1_Score,RoC_AuC
96.8200802216433,95.20774917155238,73.45132743362832,82.92628774422735,86.50847834679037
