Accuracy,Precision,Recall,F1_Score,RoC_AuC
92.60195595768744,94.45667400440264,84.96849684968497,89.46171341925701,91.02266125726123
